#timestamp [ns]			filename
1.40E+18	1.png	.png	1
1.40E+18	2.png		2
1.40E+18	3.png		3
1.40E+18	4.png		4
1.40E+18	5.png		5
1.40E+18	6.png		6
1.40E+18	7.png		7
1.40E+18	8.png		8
1.40E+18	9.png		9
1.40E+18	10.png		10
1.40E+18	11.png		11
1.40E+18	12.png		12
1.40E+18	13.png		13
1.40E+18	14.png		14
1.40E+18	15.png		15
1.40E+18	16.png		16
1.40E+18	17.png		17
1.40E+18	18.png		18
1.40E+18	19.png		19
1.40E+18	20.png		20
1.40E+18	21.png		21
1.40E+18	22.png		22
1.40E+18	23.png		23
1.40E+18	24.png		24
1.40E+18	25.png		25
1.40E+18	26.png		26
1.40E+18	27.png		27
1.40E+18	28.png		28
1.40E+18	29.png		29
1.40E+18	30.png		30
1.40E+18	31.png		31
1.40E+18	32.png		32
1.40E+18	33.png		33
1.40E+18	34.png		34
1.40E+18	35.png		35
1.40E+18	36.png		36
1.40E+18	37.png		37
1.40E+18	38.png		38
1.40E+18	39.png		39
1.40E+18	40.png		40
1.40E+18	41.png		41
1.40E+18	42.png		42
1.40E+18	43.png		43
1.40E+18	44.png		44
1.40E+18	45.png		45
1.40E+18	46.png		46
1.40E+18	47.png		47
1.40E+18	48.png		48
1.40E+18	49.png		49
1.40E+18	50.png		50
1.40E+18	51.png		51
1.40E+18	52.png		52
1.40E+18	53.png		53
1.40E+18	54.png		54
1.40E+18	55.png		55
1.40E+18	56.png		56
1.40E+18	57.png		57
1.40E+18	58.png		58
1.40E+18	59.png		59
1.40E+18	60.png		60
1.40E+18	61.png		61
1.40E+18	62.png		62
1.40E+18	63.png		63
1.40E+18	64.png		64
1.40E+18	65.png		65
1.40E+18	66.png		66
1.40E+18	67.png		67
1.40E+18	68.png		68
1.40E+18	69.png		69
1.40E+18	70.png		70
1.40E+18	71.png		71
1.40E+18	72.png		72
1.40E+18	73.png		73
1.40E+18	74.png		74
1.40E+18	75.png		75
1.40E+18	76.png		76
1.40E+18	77.png		77
1.40E+18	78.png		78
1.40E+18	79.png		79
1.40E+18	80.png		80
1.40E+18	81.png		81
1.40E+18	82.png		82
1.40E+18	83.png		83
1.40E+18	84.png		84
1.40E+18	85.png		85
1.40E+18	86.png		86
1.40E+18	87.png		87
1.40E+18	88.png		88
1.40E+18	89.png		89
1.40E+18	90.png		90
1.40E+18	91.png		91
1.40E+18	92.png		92
1.40E+18	93.png		93
1.40E+18	94.png		94
1.40E+18	95.png		95
1.40E+18	96.png		96
1.40E+18	97.png		97
1.40E+18	98.png		98
1.40E+18	99.png		99
1.40E+18	100.png		100
1.40E+18	101.png		101
1.40E+18	102.png		102
1.40E+18	103.png		103
1.40E+18	104.png		104
1.40E+18	105.png		105
1.40E+18	106.png		106
1.40E+18	107.png		107
1.40E+18	108.png		108
1.40E+18	109.png		109
1.40E+18	110.png		110
1.40E+18	111.png		111
1.40E+18	112.png		112
1.40E+18	113.png		113
1.40E+18	114.png		114
1.40E+18	115.png		115
1.40E+18	116.png		116
1.40E+18	117.png		117
1.40E+18	118.png		118
1.40E+18	119.png		119
1.40E+18	120.png		120
1.40E+18	121.png		121
1.40E+18	122.png		122
1.40E+18	123.png		123
1.40E+18	124.png		124
1.40E+18	125.png		125
1.40E+18	126.png		126
1.40E+18	127.png		127
1.40E+18	128.png		128
1.40E+18	129.png		129
1.40E+18	130.png		130
1.40E+18	131.png		131
1.40E+18	132.png		132
1.40E+18	133.png		133
1.40E+18	134.png		134
1.40E+18	135.png		135
1.40E+18	136.png		136
1.40E+18	137.png		137
1.40E+18	138.png		138
1.40E+18	139.png		139
1.40E+18	140.png		140
1.40E+18	141.png		141
1.40E+18	142.png		142
1.40E+18	143.png		143
1.40E+18	144.png		144
1.40E+18	145.png		145
1.40E+18	146.png		146
1.40E+18	147.png		147
1.40E+18	148.png		148
1.40E+18	149.png		149
1.40E+18	150.png		150
1.40E+18	151.png		151
1.40E+18	152.png		152
1.40E+18	153.png		153
1.40E+18	154.png		154
1.40E+18	155.png		155
1.40E+18	156.png		156
1.40E+18	157.png		157
1.40E+18	158.png		158
1.40E+18	159.png		159
1.40E+18	160.png		160
1.40E+18	161.png		161
1.40E+18	162.png		162
1.40E+18	163.png		163
1.40E+18	164.png		164
1.40E+18	165.png		165
1.40E+18	166.png		166
1.40E+18	167.png		167
1.40E+18	168.png		168
1.40E+18	169.png		169
1.40E+18	170.png		170
1.40E+18	171.png		171
1.40E+18	172.png		172
1.40E+18	173.png		173
1.40E+18	174.png		174
1.40E+18	175.png		175
1.40E+18	176.png		176
1.40E+18	177.png		177
1.40E+18	178.png		178
1.40E+18	179.png		179
1.40E+18	180.png		180
1.40E+18	181.png		181
1.40E+18	182.png		182
1.40E+18	183.png		183
1.40E+18	184.png		184
1.40E+18	185.png		185
1.40E+18	186.png		186
1.40E+18	187.png		187
1.40E+18	188.png		188
1.40E+18	189.png		189
1.40E+18	190.png		190
1.40E+18	191.png		191
1.40E+18	192.png		192
1.40E+18	193.png		193
1.40E+18	194.png		194
1.40E+18	195.png		195
1.40E+18	196.png		196
1.40E+18	197.png		197
1.40E+18	198.png		198
1.40E+18	199.png		199
1.40E+18	200.png		200
1.40E+18	201.png		201
1.40E+18	202.png		202
1.40E+18	203.png		203
1.40E+18	204.png		204
1.40E+18	205.png		205
1.40E+18	206.png		206
1.40E+18	207.png		207
1.40E+18	208.png		208
1.40E+18	209.png		209
1.40E+18	210.png		210
1.40E+18	211.png		211
1.40E+18	212.png		212
1.40E+18	213.png		213
1.40E+18	214.png		214
1.40E+18	215.png		215
1.40E+18	216.png		216
1.40E+18	217.png		217
1.40E+18	218.png		218
1.40E+18	219.png		219
1.40E+18	220.png		220
1.40E+18	221.png		221
1.40E+18	222.png		222
1.40E+18	223.png		223
1.40E+18	224.png		224
1.40E+18	225.png		225
1.40E+18	226.png		226
1.40E+18	227.png		227
1.40E+18	228.png		228
1.40E+18	229.png		229
1.40E+18	230.png		230
1.40E+18	231.png		231
1.40E+18	232.png		232
1.40E+18	233.png		233
1.40E+18	234.png		234
1.40E+18	235.png		235
1.40E+18	236.png		236
1.40E+18	237.png		237
1.40E+18	238.png		238
1.40E+18	239.png		239
1.40E+18	240.png		240
1.40E+18	241.png		241
1.40E+18	242.png		242
1.40E+18	243.png		243
1.40E+18	244.png		244
1.40E+18	245.png		245
1.40E+18	246.png		246
1.40E+18	247.png		247
1.40E+18	248.png		248
1.40E+18	249.png		249
1.40E+18	250.png		250
1.40E+18	251.png		251
1.40E+18	252.png		252
1.40E+18	253.png		253
1.40E+18	254.png		254
1.40E+18	255.png		255
1.40E+18	256.png		256
1.40E+18	257.png		257
1.40E+18	258.png		258
1.40E+18	259.png		259
1.40E+18	260.png		260
1.40E+18	261.png		261
1.40E+18	262.png		262
1.40E+18	263.png		263
1.40E+18	264.png		264
1.40E+18	265.png		265
1.40E+18	266.png		266
1.40E+18	267.png		267
1.40E+18	268.png		268
1.40E+18	269.png		269
1.40E+18	270.png		270
1.40E+18	271.png		271
1.40E+18	272.png		272
1.40E+18	273.png		273
1.40E+18	274.png		274
1.40E+18	275.png		275
1.40E+18	276.png		276
1.40E+18	277.png		277
1.40E+18	278.png		278
1.40E+18	279.png		279
1.40E+18	280.png		280
1.40E+18	281.png		281
1.40E+18	282.png		282
1.40E+18	283.png		283
1.40E+18	284.png		284
1.40E+18	285.png		285
1.40E+18	286.png		286
1.40E+18	287.png		287
1.40E+18	288.png		288
1.40E+18	289.png		289
1.40E+18	290.png		290
1.40E+18	291.png		291
1.40E+18	292.png		292
1.40E+18	293.png		293
1.40E+18	294.png		294
1.40E+18	295.png		295
1.40E+18	296.png		296
1.40E+18	297.png		297
1.40E+18	298.png		298
1.40E+18	299.png		299
1.40E+18	300.png		300
1.40E+18	301.png		301
1.40E+18	302.png		302
1.40E+18	303.png		303
1.40E+18	304.png		304
1.40E+18	305.png		305
1.40E+18	306.png		306
1.40E+18	307.png		307
1.40E+18	308.png		308
1.40E+18	309.png		309
1.40E+18	310.png		310
1.40E+18	311.png		311
1.40E+18	312.png		312
1.40E+18	313.png		313
1.40E+18	314.png		314
1.40E+18	315.png		315
1.40E+18	316.png		316
1.40E+18	317.png		317
1.40E+18	318.png		318
1.40E+18	319.png		319
1.40E+18	320.png		320
1.40E+18	321.png		321
1.40E+18	322.png		322
1.40E+18	323.png		323
1.40E+18	324.png		324
1.40E+18	325.png		325
1.40E+18	326.png		326
1.40E+18	327.png		327
1.40E+18	328.png		328
1.40E+18	329.png		329
1.40E+18	330.png		330
1.40E+18	331.png		331
1.40E+18	332.png		332
1.40E+18	333.png		333
1.40E+18	334.png		334
1.40E+18	335.png		335
1.40E+18	336.png		336
1.40E+18	337.png		337
1.40E+18	338.png		338
1.40E+18	339.png		339
1.40E+18	340.png		340
1.40E+18	341.png		341
1.40E+18	342.png		342
1.40E+18	343.png		343
1.40E+18	344.png		344
1.40E+18	345.png		345
1.40E+18	346.png		346
1.40E+18	347.png		347
1.40E+18	348.png		348
1.40E+18	349.png		349
1.40E+18	350.png		350
1.40E+18	351.png		351
1.40E+18	352.png		352
1.40E+18	353.png		353
1.40E+18	354.png		354
1.40E+18	355.png		355
1.40E+18	356.png		356
1.40E+18	357.png		357
1.40E+18	358.png		358
1.40E+18	359.png		359
1.40E+18	360.png		360
1.40E+18	361.png		361
1.40E+18	362.png		362
1.40E+18	363.png		363
1.40E+18	364.png		364
1.40E+18	365.png		365
1.40E+18	366.png		366
1.40E+18	367.png		367
1.40E+18	368.png		368
1.40E+18	369.png		369
1.40E+18	370.png		370
1.40E+18	371.png		371
1.40E+18	372.png		372
1.40E+18	373.png		373
1.40E+18	374.png		374
1.40E+18	375.png		375
1.40E+18	376.png		376
1.40E+18	377.png		377
1.40E+18	378.png		378
1.40E+18	379.png		379
1.40E+18	380.png		380
1.40E+18	381.png		381
1.40E+18	382.png		382
1.40E+18	383.png		383
1.40E+18	384.png		384
1.40E+18	385.png		385
1.40E+18	386.png		386
1.40E+18	387.png		387
1.40E+18	388.png		388
1.40E+18	389.png		389
1.40E+18	390.png		390
1.40E+18	391.png		391
1.40E+18	392.png		392
1.40E+18	393.png		393
1.40E+18	394.png		394
1.40E+18	395.png		395
1.40E+18	396.png		396
1.40E+18	397.png		397
1.40E+18	398.png		398
1.40E+18	399.png		399
1.40E+18	400.png		400
1.40E+18	401.png		401
1.40E+18	402.png		402
1.40E+18	403.png		403
1.40E+18	404.png		404
1.40E+18	405.png		405
1.40E+18	406.png		406
1.40E+18	407.png		407
1.40E+18	408.png		408
1.40E+18	409.png		409
1.40E+18	410.png		410
1.40E+18	411.png		411
1.40E+18	412.png		412
1.40E+18	413.png		413
1.40E+18	414.png		414
1.40E+18	415.png		415
1.40E+18	416.png		416
1.40E+18	417.png		417
1.40E+18	418.png		418
1.40E+18	419.png		419
1.40E+18	420.png		420
1.40E+18	421.png		421
1.40E+18	422.png		422
1.40E+18	423.png		423
1.40E+18	424.png		424
1.40E+18	425.png		425
1.40E+18	426.png		426
1.40E+18	427.png		427
1.40E+18	428.png		428
1.40E+18	429.png		429
1.40E+18	430.png		430
1.40E+18	431.png		431
1.40E+18	432.png		432
1.40E+18	433.png		433
1.40E+18	434.png		434
1.40E+18	435.png		435
1.40E+18	436.png		436
1.40E+18	437.png		437
1.40E+18	438.png		438
1.40E+18	439.png		439
1.40E+18	440.png		440
1.40E+18	441.png		441
1.40E+18	442.png		442
1.40E+18	443.png		443
1.40E+18	444.png		444
1.40E+18	445.png		445
1.40E+18	446.png		446
1.40E+18	447.png		447
1.40E+18	448.png		448
1.40E+18	449.png		449
1.40E+18	450.png		450
1.40E+18	451.png		451
1.40E+18	452.png		452
1.40E+18	453.png		453
1.40E+18	454.png		454
1.40E+18	455.png		455
1.40E+18	456.png		456
1.40E+18	457.png		457
1.40E+18	458.png		458
1.40E+18	459.png		459
1.40E+18	460.png		460
1.40E+18	461.png		461
1.40E+18	462.png		462
1.40E+18	463.png		463
1.40E+18	464.png		464
1.40E+18	465.png		465
1.40E+18	466.png		466
1.40E+18	467.png		467
1.40E+18	468.png		468
1.40E+18	469.png		469
1.40E+18	470.png		470
1.40E+18	471.png		471
1.40E+18	472.png		472
1.40E+18	473.png		473
1.40E+18	474.png		474
1.40E+18	475.png		475
1.40E+18	476.png		476
1.40E+18	477.png		477
1.40E+18	478.png		478
1.40E+18	479.png		479
1.40E+18	480.png		480
1.40E+18	481.png		481
1.40E+18	482.png		482
1.40E+18	483.png		483
1.40E+18	484.png		484
1.40E+18	485.png		485
1.40E+18	486.png		486
1.40E+18	487.png		487
1.40E+18	488.png		488
1.40E+18	489.png		489
1.40E+18	490.png		490
1.40E+18	491.png		491
1.40E+18	492.png		492
1.40E+18	493.png		493
1.40E+18	494.png		494
1.40E+18	495.png		495
1.40E+18	496.png		496
1.40E+18	497.png		497
1.40E+18	498.png		498
1.40E+18	499.png		499
1.40E+18	500.png		500
1.40E+18	501.png		501
1.40E+18	502.png		502
1.40E+18	503.png		503
1.40E+18	504.png		504
1.40E+18	505.png		505
1.40E+18	506.png		506
1.40E+18	507.png		507
1.40E+18	508.png		508
1.40E+18	509.png		509
1.40E+18	510.png		510
1.40E+18	511.png		511
1.40E+18	512.png		512
1.40E+18	513.png		513
1.40E+18	514.png		514
1.40E+18	515.png		515
1.40E+18	516.png		516
1.40E+18	517.png		517
1.40E+18	518.png		518
1.40E+18	519.png		519
1.40E+18	520.png		520
1.40E+18	521.png		521
1.40E+18	522.png		522
1.40E+18	523.png		523
1.40E+18	524.png		524
1.40E+18	525.png		525
1.40E+18	526.png		526
1.40E+18	527.png		527
1.40E+18	528.png		528
1.40E+18	529.png		529
1.40E+18	530.png		530
1.40E+18	531.png		531
1.40E+18	532.png		532
1.40E+18	533.png		533
1.40E+18	534.png		534
1.40E+18	535.png		535
1.40E+18	536.png		536
1.40E+18	537.png		537
1.40E+18	538.png		538
1.40E+18	539.png		539
1.40E+18	540.png		540
1.40E+18	541.png		541
1.40E+18	542.png		542
1.40E+18	543.png		543
1.40E+18	544.png		544
1.40E+18	545.png		545
1.40E+18	546.png		546
1.40E+18	547.png		547
1.40E+18	548.png		548
1.40E+18	549.png		549
1.40E+18	550.png		550
1.40E+18	551.png		551
1.40E+18	552.png		552
1.40E+18	553.png		553
1.40E+18	554.png		554
1.40E+18	555.png		555
1.40E+18	556.png		556
1.40E+18	557.png		557
1.40E+18	558.png		558
1.40E+18	559.png		559
1.40E+18	560.png		560
1.40E+18	561.png		561
1.40E+18	562.png		562
1.40E+18	563.png		563
1.40E+18	564.png		564
1.40E+18	565.png		565
1.40E+18	566.png		566
1.40E+18	567.png		567
1.40E+18	568.png		568
1.40E+18	569.png		569
1.40E+18	570.png		570
1.40E+18	571.png		571
1.40E+18	572.png		572
1.40E+18	573.png		573
1.40E+18	574.png		574
1.40E+18	575.png		575
1.40E+18	576.png		576
1.40E+18	577.png		577
1.40E+18	578.png		578
1.40E+18	579.png		579
1.40E+18	580.png		580
1.40E+18	581.png		581
1.40E+18	582.png		582
1.40E+18	583.png		583
1.40E+18	584.png		584
1.40E+18	585.png		585
1.40E+18	586.png		586
1.40E+18	587.png		587
1.40E+18	588.png		588
1.40E+18	589.png		589
1.40E+18	590.png		590
1.40E+18	591.png		591
1.40E+18	592.png		592
1.40E+18	593.png		593
1.40E+18	594.png		594
1.40E+18	595.png		595
1.40E+18	596.png		596
1.40E+18	597.png		597
1.40E+18	598.png		598
1.40E+18	599.png		599
1.40E+18	600.png		600
1.40E+18	601.png		601
1.40E+18	602.png		602
1.40E+18	603.png		603
1.40E+18	604.png		604
1.40E+18	605.png		605
1.40E+18	606.png		606
1.40E+18	607.png		607
1.40E+18	608.png		608
1.40E+18	609.png		609
1.40E+18	610.png		610
1.40E+18	611.png		611
1.40E+18	612.png		612
1.40E+18	613.png		613
1.40E+18	614.png		614
1.40E+18	615.png		615
1.40E+18	616.png		616
1.40E+18	617.png		617
1.40E+18	618.png		618
1.40E+18	619.png		619
1.40E+18	620.png		620
1.40E+18	621.png		621
1.40E+18	622.png		622
1.40E+18	623.png		623
1.40E+18	624.png		624
1.40E+18	625.png		625
1.40E+18	626.png		626
1.40E+18	627.png		627
1.40E+18	628.png		628
1.40E+18	629.png		629
1.40E+18	630.png		630
1.40E+18	631.png		631
1.40E+18	632.png		632
1.40E+18	633.png		633
1.40E+18	634.png		634
1.40E+18	635.png		635
1.40E+18	636.png		636
1.40E+18	637.png		637
1.40E+18	638.png		638
1.40E+18	639.png		639
1.40E+18	640.png		640
1.40E+18	641.png		641
1.40E+18	642.png		642
1.40E+18	643.png		643
1.40E+18	644.png		644
1.40E+18	645.png		645
1.40E+18	646.png		646
1.40E+18	647.png		647
1.40E+18	648.png		648
1.40E+18	649.png		649
1.40E+18	650.png		650
1.40E+18	651.png		651
1.40E+18	652.png		652
1.40E+18	653.png		653
1.40E+18	654.png		654
1.40E+18	655.png		655
1.40E+18	656.png		656
1.40E+18	657.png		657
1.40E+18	658.png		658
1.40E+18	659.png		659
1.40E+18	660.png		660
1.40E+18	661.png		661
1.40E+18	662.png		662
1.40E+18	663.png		663
1.40E+18	664.png		664
1.40E+18	665.png		665
1.40E+18	666.png		666
1.40E+18	667.png		667
1.40E+18	668.png		668
1.40E+18	669.png		669
1.40E+18	670.png		670
1.40E+18	671.png		671
1.40E+18	672.png		672
1.40E+18	673.png		673
1.40E+18	674.png		674
1.40E+18	675.png		675
1.40E+18	676.png		676
1.40E+18	677.png		677
1.40E+18	678.png		678
1.40E+18	679.png		679
1.40E+18	680.png		680
1.40E+18	681.png		681
1.40E+18	682.png		682
1.40E+18	683.png		683
1.40E+18	684.png		684
1.40E+18	685.png		685
1.40E+18	686.png		686
1.40E+18	687.png		687
1.40E+18	688.png		688
1.40E+18	689.png		689
1.40E+18	690.png		690
1.40E+18	691.png		691
1.40E+18	692.png		692
1.40E+18	693.png		693
1.40E+18	694.png		694
1.40E+18	695.png		695
1.40E+18	696.png		696
1.40E+18	697.png		697
1.40E+18	698.png		698
1.40E+18	699.png		699
1.40E+18	700.png		700
1.40E+18	701.png		701
1.40E+18	702.png		702
1.40E+18	703.png		703
1.40E+18	704.png		704
1.40E+18	705.png		705
1.40E+18	706.png		706
1.40E+18	707.png		707
1.40E+18	708.png		708
1.40E+18	709.png		709
1.40E+18	710.png		710
1.40E+18	711.png		711
1.40E+18	712.png		712
1.40E+18	713.png		713
1.40E+18	714.png		714
1.40E+18	715.png		715
1.40E+18	716.png		716
1.40E+18	717.png		717
1.40E+18	718.png		718
1.40E+18	719.png		719
1.40E+18	720.png		720
1.40E+18	721.png		721
1.40E+18	722.png		722
1.40E+18	723.png		723
1.40E+18	724.png		724
1.40E+18	725.png		725
1.40E+18	726.png		726
1.40E+18	727.png		727
1.40E+18	728.png		728
1.40E+18	729.png		729
1.40E+18	730.png		730
1.40E+18	731.png		731
1.40E+18	732.png		732
1.40E+18	733.png		733
1.40E+18	734.png		734
1.40E+18	735.png		735
1.40E+18	736.png		736
1.40E+18	737.png		737
1.40E+18	738.png		738
1.40E+18	739.png		739
1.40E+18	740.png		740
1.40E+18	741.png		741
1.40E+18	742.png		742
1.40E+18	743.png		743
1.40E+18	744.png		744
1.40E+18	745.png		745
1.40E+18	746.png		746
1.40E+18	747.png		747
1.40E+18	748.png		748
1.40E+18	749.png		749
1.40E+18	750.png		750
1.40E+18	751.png		751
1.40E+18	752.png		752
1.40E+18	753.png		753
1.40E+18	754.png		754
1.40E+18	755.png		755
1.40E+18	756.png		756
1.40E+18	757.png		757
1.40E+18	758.png		758
1.40E+18	759.png		759
1.40E+18	760.png		760
1.40E+18	761.png		761
1.40E+18	762.png		762
1.40E+18	763.png		763
1.40E+18	764.png		764
1.40E+18	765.png		765
1.40E+18	766.png		766
1.40E+18	767.png		767
1.40E+18	768.png		768
1.40E+18	769.png		769
1.40E+18	770.png		770
1.40E+18	771.png		771
1.40E+18	772.png		772
1.40E+18	773.png		773
1.40E+18	774.png		774
1.40E+18	775.png		775
1.40E+18	776.png		776
1.40E+18	777.png		777
1.40E+18	778.png		778
1.40E+18	779.png		779
1.40E+18	780.png		780
1.40E+18	781.png		781
1.40E+18	782.png		782
1.40E+18	783.png		783
1.40E+18	784.png		784
1.40E+18	785.png		785
1.40E+18	786.png		786
1.40E+18	787.png		787
1.40E+18	788.png		788
1.40E+18	789.png		789
1.40E+18	790.png		790
